{"layer":0,"metadata":{"tokens":["<|endoftext|>","What"," color"," is"," the"," sky","?"],"totalHeads":12},"heads":[{"headIndex":0,"matrix":[[1.0,0.0,0.0,0.0,0.0,0.0,0.0],[0.9047467112541199,0.09525328129529953,0.0,0.0,0.0,0.0,0.0],[0.7319945693016052,0.14275962114334106,0.12524572014808655,0.0,0.0,0.0,0.0],[0.6692135334014893,0.23766502737998962,0.05738440901041031,0.035736966878175735,0.0,0.0,0.0],[0.6261413097381592,0.2264513075351715,0.07731986045837402,0.04493381083011627,0.025153696537017822,0.0,0.0],[0.4037386178970337,0.07948274910449982,0.08166678994894028,0.06826027482748032,0.11324445903301239,0.2536070942878723,0.0],[0.5012721419334412,0.35708409547805786,0.011567316949367523,0.023148687556385994,0.022581761702895164,0.049895986914634705,0.03444996103644371]]},{"headIndex":1,"matrix":[[1.0,0.0,0.0,0.0,0.0,0.0,0.0],[0.0004175836220383644,0.9995824694633484,0.0,0.0,0.0,0.0,0.0],[0.001579758827574551,0.011147974990308285,0.9872722029685974,0.0,0.0,0.0,0.0],[0.0014678770676255226,0.012738115154206753,0.0007184248534031212,0.9850755929946899,0.0,0.0,0.0],[0.00443427637219429,0.007688059005886316,0.00017347924585919827,0.003494092496111989,0.9842100143432617,0.0,0.0],[0.0001846434606704861,0.0011968709295615554,8.433519542450085e-05,0.0003168234834447503,0.0004233017680235207,0.9977940320968628,0.0],[0.00149950897321105,0.012990430928766727,0.00028823743923567235,0.002010159892961383,7.51054467400536e-05,0.0007252448704093695,0.9824113249778748]]},{"headIndex":2,"matrix":[[1.0,0.0,0.0,0.0,0.0,0.0,0.0],[0.9368779063224792,0.06312207877635956,0.0,0.0,0.0,0.0,0.0],[0.8469292521476746,0.08732925355434418,0.06574153155088425,0.0,0.0,0.0,0.0],[0.7051145434379578,0.13970862329006195,0.030902719125151634,0.12427406758069992,0.0,0.0,0.0],[0.6705096960067749,0.11836118996143341,0.03215494006872177,0.13504689931869507,0.043927256017923355,0.0,0.0],[0.6738860607147217,0.07221953570842743,0.03180026262998581,0.06334017962217331,0.11594513058662415,0.042808838188648224,0.0],[0.4684627950191498,0.21516618132591248,0.0415911003947258,0.14562460780143738,0.029592443257570267,0.03695040941238403,0.06261241436004639]]},{"headIndex":3,"matrix":[[1.0,0.0,0.0,0.0,0.0,0.0,0.0],[0.0988677516579628,0.9011322855949402,0.0,0.0,0.0,0.0,0.0],[0.014810486696660519,0.0037508176174014807,0.9814386963844299,0.0,0.0,0.0,0.0],[0.08925579488277435,0.20523019134998322,0.0850832387804985,0.6204308271408081,0.0,0.0,0.0],[0.07564599066972733,0.06853298842906952,0.07813572883605957,0.2062130570411682,0.5714722275733948,0.0,0.0],[0.002326445421203971,0.0001513284514658153,0.0004018192121293396,5.568246706388891e-05,3.9863291021902114e-05,0.9970249533653259,0.0],[0.012424491345882416,0.028372274711728096,0.003458013292402029,0.02486504055559635,0.02797575108706951,0.006856716703623533,0.896047830581665]]},{"headIndex":4,"matrix":[[1.0,0.0,0.0,0.0,0.0,0.0,0.0],[0.7509124279022217,0.24908752739429474,0.0,0.0,0.0,0.0,0.0],[0.24826888740062714,0.05915076285600662,0.6925803422927856,0.0,0.0,0.0,0.0],[0.3229605257511139,0.2609236240386963,0.2320067435503006,0.18410906195640564,0.0,0.0,0.0],[0.2763407826423645,0.2198830097913742,0.20933830738067627,0.16740497946739197,0.12703293561935425,0.0,0.0],[0.07941889017820358,0.010633784346282482,0.016778139397501945,0.0032518557272851467,0.004776329733431339,0.8851410150527954,0.0],[0.17566534876823425,0.18937115371227264,0.08617401123046875,0.08910884708166122,0.10876323282718658,0.11605579406023026,0.23486162722110748]]},{"headIndex":5,"matrix":[[1.0,0.0,0.0,0.0,0.0,0.0,0.0],[0.1853998303413391,0.8146001100540161,0.0,0.0,0.0,0.0,0.0],[0.052947092801332474,7.318577263504267e-05,0.9469797611236572,0.0,0.0,0.0,0.0],[0.22335122525691986,0.0026647464837878942,0.0027411766350269318,0.7712428569793701,0.0,0.0,0.0],[0.21857714653015137,0.15954920649528503,0.01856764405965805,0.14908264577388763,0.45422327518463135,0.0,0.0],[0.0165023785084486,1.8760920283966698e-05,2.7957210477325134e-05,2.0516623067123874e-07,3.78691254354635e-07,0.9834502935409546,0.0],[0.06843506544828415,0.019292404875159264,0.0006786503945477307,0.000874512130394578,0.0013678608229383826,0.0007918995106592774,0.9085595607757568]]},{"headIndex":6,"matrix":[[1.0,0.0,0.0,0.0,0.0,0.0,0.0],[0.901681125164032,0.09831885248422623,0.0,0.0,0.0,0.0,0.0],[0.7354652881622314,0.13559624552726746,0.1289384961128235,0.0,0.0,0.0,0.0],[0.43322744965553284,0.2673906683921814,0.25298312306404114,0.04639879986643791,0.0,0.0,0.0],[0.4022388756275177,0.18219099938869476,0.37454962730407715,0.03302469849586487,0.007995796389877796,0.0,0.0],[0.43775618076324463,0.10667417198419571,0.27203983068466187,0.04056688770651817,0.05066479742527008,0.09229817241430283,0.0],[0.36400648951530457,0.10072563588619232,0.18676607310771942,0.034437499940395355,0.02949128858745098,0.24892984330654144,0.035643186420202255]]},{"headIndex":7,"matrix":[[1.0,0.0,0.0,0.0,0.0,0.0,0.0],[0.9746518135070801,0.025348210707306862,0.0,0.0,0.0,0.0,0.0],[0.503627359867096,0.35137680172920227,0.14499588310718536,0.0,0.0,0.0,0.0],[0.32784730195999146,0.2764725387096405,0.15958698093891144,0.2360931783914566,0.0,0.0,0.0],[0.2520717978477478,0.16658195853233337,0.10398601740598679,0.2426006942987442,0.23475953936576843,0.0,0.0],[0.1980530023574829,0.11033941060304642,0.06292375177145004,0.22195391356945038,0.2976330816745758,0.10909681022167206,0.0],[0.1378580927848816,0.08323697000741959,0.024250105023384094,0.09420419484376907,0.14915691316127777,0.20344242453575134,0.30785128474235535]]},{"headIndex":8,"matrix":[[1.0,0.0,0.0,0.0,0.0,0.0,0.0],[0.9438876509666443,0.056112367659807205,0.0,0.0,0.0,0.0,0.0],[0.7533953189849854,0.17122510075569153,0.07537956535816193,0.0,0.0,0.0,0.0],[0.2921416163444519,0.058962590992450714,0.11053085327148438,0.5383649468421936,0.0,0.0,0.0],[0.06789147108793259,0.013744373805820942,0.03422083705663681,0.3518449068069458,0.5322983860969543,0.0,0.0],[0.30786821246147156,0.0998377874493599,0.28953543305397034,0.06865490227937698,0.11909666657447815,0.1150069460272789,0.0],[0.1642788201570511,0.0372416190803051,0.04971613362431526,0.22324220836162567,0.34727296233177185,0.03133254498243332,0.14691567420959473]]},{"headIndex":9,"matrix":[[1.0,0.0,0.0,0.0,0.0,0.0,0.0],[0.8740471601486206,0.1259528398513794,0.0,0.0,0.0,0.0,0.0],[0.8272185325622559,0.1339712142944336,0.03881031274795532,0.0,0.0,0.0,0.0],[0.6168429851531982,0.16105125844478607,0.08407223969697952,0.13803356885910034,0.0,0.0,0.0],[0.5603341460227966,0.1373412311077118,0.06123796105384827,0.11109815537929535,0.12998852133750916,0.0,0.0],[0.6122473478317261,0.10347618907690048,0.0866708904504776,0.08637212961912155,0.09269572794437408,0.01853771321475506,0.0],[0.4454309046268463,0.13903309404850006,0.05985051393508911,0.10418689996004105,0.09940709918737411,0.053293000906705856,0.0987984910607338]]},{"headIndex":10,"matrix":[[1.0,0.0,0.0,0.0,0.0,0.0,0.0],[0.7679634690284729,0.23203647136688232,0.0,0.0,0.0,0.0,0.0],[0.5847844481468201,0.14524535834789276,0.269970178604126,0.0,0.0,0.0,0.0],[0.49865132570266724,0.186575785279274,0.04803508147597313,0.266737699508667,0.0,0.0,0.0],[0.5357597470283508,0.14560231566429138,0.03582014515995979,0.0891990140080452,0.1936187595129013,0.0,0.0],[0.4019221365451813,0.0955936536192894,0.04417658969759941,0.07755163311958313,0.08396367728710175,0.29679223895072937,0.0],[0.3309868276119232,0.18926431238651276,0.03819521516561508,0.12471745163202286,0.06618660688400269,0.03485864773392677,0.21579091250896454]]},{"headIndex":11,